"","Species","Treatment","Treatment_number","Seed_set","Scale_seed"
"1","SOLY","IPPU 50%",1,0,-0.555542084180659
"2","SOLY","IPPU 50%",2,0,-0.555542084180659
"3","SOLY","IPPU 50%",3,0,-0.555542084180659
"4","SOLY","IPPU 50%",4,0,-0.555542084180659
"5","SOLY","IPPU 50%",5,5,-0.394696032030062
"6","SOLY","IPPU 50%",6,2,-0.49120366332042
"7","SOLY","IPPU 50%",7,0,-0.555542084180659
"8","SOLY","IPPU 50%",8,4,-0.426865242460181
"9","SOLY","IPPU 50%",9,3,-0.459034452890301
"10","SOLY","IPPU 50%",10,0,-0.555542084180659
"21","SOLY","SIAL 50%",1,0,-0.555542084180659
"22","SOLY","SIAL 50%",2,1,-0.523372873750539
"23","SOLY","SIAL 50%",3,3,-0.459034452890301
"24","SOLY","SIAL 50%",4,3,-0.459034452890301
"25","SOLY","SIAL 50%",5,0,-0.555542084180659
"26","SOLY","SIAL 50%",6,0,-0.555542084180659
"27","SOLY","SIAL 50%",7,0,-0.555542084180659
"28","SOLY","SIAL 50%",8,0,-0.555542084180659
"29","SOLY","SIAL 50%",9,24,0.216518966142205
"30","SOLY","SIAL 50%",10,0,-0.555542084180659
"41","SOLY","CAAN 50%",1,0,-0.555542084180659
"42","SOLY","CAAN 50%",2,0,-0.555542084180659
"43","SOLY","CAAN 50%",3,0,-0.555542084180659
"44","SOLY","CAAN 50%",4,0,-0.555542084180659
"45","SOLY","CAAN 50%",5,0,-0.555542084180659
"46","SOLY","CAAN 50%",6,0,-0.555542084180659
"47","SOLY","CAAN 50%",7,0,-0.555542084180659
"48","SOLY","CAAN 50%",8,0,-0.555542084180659
"49","SOLY","CAAN 50%",9,0,-0.555542084180659
"50","SOLY","CAAN 50%",10,0,-0.555542084180659
"61","SOLY","SOME 50%",1,36,0.602549491303638
"62","SOLY","SOME 50%",2,38,0.666887912163876
"63","SOLY","SOME 50%",3,0,-0.555542084180659
"64","SOLY","SOME 50%",4,5,-0.394696032030062
"65","SOLY","SOME 50%",5,64,1.50328738334698
"66","SOLY","SOME 50%",6,11,-0.201680769449346
"67","SOLY","SOME 50%",7,5,-0.394696032030062
"68","SOLY","SOME 50%",8,9,-0.266019190309585
"69","SOLY","SOME 50%",9,2,-0.49120366332042
"70","SOLY","SOME 50%",10,96,2.5327021171108
"81","SOLY","BROL 50%",1,64,1.50328738334698
"82","SOLY","BROL 50%",2,67,1.59979501463734
"83","SOLY","BROL 50%",3,75,1.85714869807829
"84","SOLY","BROL 50%",4,28,0.345195807862683
"85","SOLY","BROL 50%",5,73,1.79281027721805
"86","SOLY","BROL 50%",6,73,1.79281027721805
"87","SOLY","BROL 50%",7,72,1.76064106678793
"88","SOLY","BROL 50%",8,14,-0.105173138158988
"89","SOLY","BROL 50%",9,44,0.859903174744592
"90","SOLY","BROL 50%",10,41,0.763395543454234
"101","SOLY","PEIN 50%",1,61,1.40677975205662
"102","SOLY","PEIN 50%",2,49,1.02074922689519
"103","SOLY","PEIN 50%",3,69,1.66413343549758
"104","SOLY","PEIN 50%",4,5,-0.394696032030062
"105","SOLY","PEIN 50%",5,0,-0.555542084180659
"106","SOLY","PEIN 50%",6,31,0.441703439153041
"107","SOLY","PEIN 50%",7,20,0.0878421244217281
"108","SOLY","PEIN 50%",8,17,-0.00866550686862989
"109","SOLY","PEIN 50%",9,8,-0.298188400739704
"110","SOLY","PEIN 50%",10,0,-0.555542084180659
"131","SOLY","BRRA 50%",1,39,0.699057122593996
"132","SOLY","BRRA 50%",2,64,1.50328738334698
"133","SOLY","BRRA 50%",3,13,-0.137342348589107
"134","SOLY","BRRA 50%",4,5,-0.394696032030062
"135","SOLY","BRRA 50%",5,4,-0.426865242460181
"136","SOLY","BRRA 50%",6,13,-0.137342348589107
"137","SOLY","BRRA 50%",7,0,-0.555542084180659
"138","SOLY","BRRA 50%",8,0,-0.555542084180659
"139","SOLY","BRRA 50%",9,0,-0.555542084180659
"140","SOLY","BRRA 50%",10,0,-0.555542084180659
"161","SOLY","ERSA 50%",1,0,-0.555542084180659
"162","SOLY","ERSA 50%",2,0,-0.555542084180659
"163","SOLY","ERSA 50%",3,7,-0.330357611169823
"164","SOLY","ERSA 50%",4,34,0.538211070443399
"165","SOLY","ERSA 50%",5,16,-0.0408347172987492
"166","SOLY","ERSA 50%",6,22,0.152180545281967
"167","SOLY","ERSA 50%",7,12,-0.169511559019227
"168","SOLY","ERSA 50%",8,0,-0.555542084180659
"169","SOLY","ERSA 50%",9,0,-0.555542084180659
"170","SOLY","ERSA 50%",10,0,-0.555542084180659
"181","SOLY","IPAQ 50%",1,0,-0.555542084180659
"182","SOLY","IPAQ 50%",2,0,-0.555542084180659
"183","SOLY","IPAQ 50%",3,13,-0.137342348589107
"184","SOLY","IPAQ 50%",4,0,-0.555542084180659
"185","SOLY","IPAQ 50%",5,0,-0.555542084180659
"186","SOLY","IPAQ 50%",6,0,-0.555542084180659
"187","SOLY","IPAQ 50%",7,0,-0.555542084180659
"188","SOLY","IPAQ 50%",8,0,-0.555542084180659
"189","SOLY","IPAQ 50%",9,0,-0.555542084180659
"190","SOLY","IPAQ 50%",10,0,-0.555542084180659
"11","SOME","BROL 50%",1,363,0.570431687379859
"12","SOME","BROL 50%",2,250,0.204836715546268
"13","SOME","BROL 50%",3,459,0.881025645751759
"14","SOME","BROL 50%",4,404,0.703081190434524
"15","SOME","BROL 50%",5,132,-0.176935024952526
"16","SOME","BROL 50%",6,55,-0.426057262396654
"17","SOME","BROL 50%",7,451,0.855142815887434
"18","SOME","BROL 50%",8,319,0.428076123126071
"19","SOME","BROL 50%",9,439,0.816318571090946
"20","SOME","BROL 50%",10,554,1.18838425039062
"31","SOME","IPPU 50%",1,282,0.308368035003568
"32","SOME","IPPU 50%",2,275,0.285720558872284
"33","SOME","IPPU 50%",3,0,-0.604001717713888
"34","SOME","IPPU 50%",4,0,-0.604001717713888
"35","SOME","IPPU 50%",5,0,-0.604001717713888
"36","SOME","IPPU 50%",6,466,0.903673121883043
"37","SOME","IPPU 50%",7,469,0.913379183082165
"38","SOME","IPPU 50%",8,0,-0.604001717713888
"39","SOME","IPPU 50%",9,499,1.01043979507338
"40","SOME","IPPU 50%",10,722,1.73192367754144
"51","SOME","CAAN 50%",1,0,-0.604001717713888
"52","SOME","CAAN 50%",2,243,0.182189239414984
"53","SOME","CAAN 50%",3,0,-0.604001717713888
"54","SOME","CAAN 50%",4,323,0.441017538058234
"55","SOME","CAAN 50%",5,472,0.923085244281287
"56","SOME","CAAN 50%",6,337,0.486312490320802
"57","SOME","CAAN 50%",7,12,-0.565177472917401
"58","SOME","CAAN 50%",8,512,1.05249939360291
"59","SOME","CAAN 50%",9,355,0.544548857515534
"60","SOME","CAAN 50%",10,8,-0.578118887849563
"71","SOME","PEIN 50%",1,477,0.93926201294649
"72","SOME","PEIN 50%",2,608,1.36309335197481
"73","SOME","PEIN 50%",3,196,0.0301276139620743
"74","SOME","PEIN 50%",4,210,0.0754225662246431
"75","SOME","PEIN 50%",5,347,0.518666027651209
"76","SOME","PEIN 50%",6,540,1.14308929812805
"77","SOME","PEIN 50%",7,1104,2.96782880356296
"78","SOME","PEIN 50%",8,0,-0.604001717713888
"79","SOME","PEIN 50%",9,868,2.20428532256537
"80","SOME","PEIN 50%",10,0,-0.604001717713888
"91","SOME","SIAL 50%",1,227,0.130423579686334
"92","SOME","SIAL 50%",2,43,-0.464881507193141
"93","SOME","SIAL 50%",3,38,-0.481058275858344
"94","SOME","SIAL 50%",4,28,-0.513411813188751
"95","SOME","SIAL 50%",5,30,-0.506941105722669
"96","SOME","SIAL 50%",6,459,0.881025645751759
"97","SOME","SIAL 50%",7,1048,2.78664899451269
"98","SOME","SIAL 50%",8,565,1.22397314145406
"99","SOME","SIAL 50%",9,655,1.51515497742772
"100","SOME","SIAL 50%",10,860,2.17840249270105
"111","SOME","SOLY 50%",1,0,-0.604001717713888
"112","SOME","SOLY 50%",2,255,0.221013484211471
"113","SOME","SOLY 50%",3,355,0.544548857515534
"114","SOME","SOLY 50%",4,252,0.211307423012349
"115","SOME","SOLY 50%",5,350,0.52837208885033
"116","SOME","SOLY 50%",6,633,1.44397719530083
"117","SOME","SOLY 50%",7,581,1.27573880118271
"118","SOME","SOLY 50%",8,454,0.864848877086555
"119","SOME","SOLY 50%",9,805,2.00045803738381
"120","SOME","SOLY 50%",10,686,1.61545094315198
"121","SOME","BRRA 50%",1,0,-0.604001717713888
"122","SOME","BRRA 50%",2,200,0.0430690288942368
"123","SOME","BRRA 50%",3,169,-0.0572269368300225
"124","SOME","BRRA 50%",4,0,-0.604001717713888
"125","SOME","BRRA 50%",5,0,-0.604001717713888
"126","SOME","BRRA 50%",6,184,-0.00869663083441316
"127","SOME","BRRA 50%",7,0,-0.604001717713888
"128","SOME","BRRA 50%",8,83,-0.335467357871516
"129","SOME","BRRA 50%",9,0,-0.604001717713888
"130","SOME","BRRA 50%",10,0,-0.604001717713888
"151","SOME","ERSA 50%",1,583,1.2822095086488
"152","SOME","ERSA 50%",2,0,-0.604001717713888
"153","SOME","ERSA 50%",3,0,-0.604001717713888
"154","SOME","ERSA 50%",4,0,-0.604001717713888
"155","SOME","ERSA 50%",5,0,-0.604001717713888
"156","SOME","ERSA 50%",6,787,1.94222167018908
"157","SOME","ERSA 50%",7,385,0.641609469506752
"158","SOME","ERSA 50%",8,0,-0.604001717713888
"159","SOME","ERSA 50%",9,520,1.07838222346724
"160","SOME","ERSA 50%",10,1068,2.8513560691735
"171","SOME ","IPAQ 50%",1,0,-0.604001717713888
"172","SOME ","IPAQ 50%",2,0,-0.604001717713888
"173","SOME ","IPAQ 50%",3,0,-0.604001717713888
"174","SOME ","IPAQ 50%",4,0,-0.604001717713888
"175","SOME ","IPAQ 50%",5,0,-0.604001717713888
"176","SOME ","IPAQ 50%",6,0,-0.604001717713888
"177","SOME ","IPAQ 50%",7,0,-0.604001717713888
"178","SOME ","IPAQ 50%",8,0,-0.604001717713888
"179","SOME ","IPAQ 50%",9,0,-0.604001717713888
"180","SOME ","IPAQ 50%",10,0,-0.604001717713888
"141","PEIN","CAAN 50%",1,298,2.78328765625178
"210","PEIN","CAAN 50%",2,234,2.07618524909973
"310","PEIN","CAAN 50%",3,341,3.25837208605705
"410","PEIN","CAAN 50%",4,274,2.51812425356976
"510","PEIN","CAAN 50%",5,244,2.18667000021724
"610","PEIN","CAAN 50%",6,196,1.65634319485321
"710","PEIN","CAAN 50%",7,182,1.5016645432887
"810","PEIN","CAAN 50%",8,199,1.68948862018846
"910","PEIN","CAAN 50%",9,196,1.65634319485321
"1010","PEIN","CAAN 50%",10,134,0.97133773792467
"211","PEIN","SIAL 50%",1,21,-0.277139949703153
"221","PEIN","SIAL 50%",2,0,-0.509157927049917
"231","PEIN","SIAL 50%",3,61,0.164799054766873
"241","PEIN","SIAL 50%",4,17,-0.321333850150156
"251","PEIN","SIAL 50%",5,20,-0.288188424814904
"261","PEIN","SIAL 50%",6,0,-0.509157927049917
"271","PEIN","SIAL 50%",7,0,-0.509157927049917
"281","PEIN","SIAL 50%",8,0,-0.509157927049917
"291","PEIN","SIAL 50%",9,23,-0.255042999479652
"301","PEIN","SIAL 50%",10,0,-0.509157927049917
"411","PEIN","SOLY 50%",1,0,-0.509157927049917
"421","PEIN","SOLY 50%",2,0,-0.509157927049917
"431","PEIN","SOLY 50%",3,0,-0.509157927049917
"441","PEIN","SOLY 50%",4,94,0.529398733454644
"451","PEIN","SOLY 50%",5,12,-0.376576225708909
"461","PEIN","SOLY 50%",6,0,-0.509157927049917
"471","PEIN","SOLY 50%",7,81,0.385768557001886
"481","PEIN","SOLY 50%",8,0,-0.509157927049917
"491","PEIN","SOLY 50%",9,241,2.15352457488199
"501","PEIN","SOLY 50%",10,184,1.5237614935122
"611","PEIN","IPPU 50 %",1,0,-0.509157927049917
"621","PEIN","IPPU 50 %",2,0,-0.509157927049917
"631","PEIN","IPPU 50 %",3,0,-0.509157927049917
"641","PEIN","IPPU 50 %",4,0,-0.509157927049917
"651","PEIN","IPPU 50 %",5,0,-0.509157927049917
"661","PEIN","IPPU 50 %",6,0,-0.509157927049917
"671","PEIN","IPPU 50 %",7,0,-0.509157927049917
"681","PEIN","IPPU 50 %",8,0,-0.509157927049917
"691","PEIN","IPPU 50 %",9,61,0.164799054766873
"701","PEIN","IPPU 50 %",10,0,-0.509157927049917
"811","PEIN","BROL 50%",1,73,0.29738075610788
"821","PEIN","BROL 50%",2,0,-0.509157927049917
"831","PEIN","BROL 50%",3,0,-0.509157927049917
"841","PEIN","BROL 50%",4,0,-0.509157927049917
"851","PEIN","BROL 50%",5,86,0.441010932560639
"861","PEIN","BROL 50%",6,330,3.1368388598278
"871","PEIN","BROL 50%",7,109,0.695125860130904
"881","PEIN","BROL 50%",8,81,0.385768557001886
"891","PEIN","BROL 50%",9,62,0.175847529878623
"901","PEIN","BROL 50%",10,0,-0.509157927049917
"1011","PEIN","SOME 50%",1,24,-0.243994524367901
"1021","PEIN","SOME 50%",2,0,-0.509157927049917
"1031","PEIN","SOME 50%",3,11,-0.38762470082066
"1041","PEIN","SOME 50%",4,0,-0.509157927049917
"1051","PEIN","SOME 50%",5,0,-0.509157927049917
"1061","PEIN","SOME 50%",6,0,-0.509157927049917
"1071","PEIN","SOME 50%",7,259,2.3523971268935
"1081","PEIN","SOME 50%",8,17,-0.321333850150156
"1091","PEIN","SOME 50%",9,250,2.25296085088775
"1101","PEIN","SOME 50%",10,0,-0.509157927049917
"1211","PEIN","BRRA 50%",1,85,0.429962457448888
"1221","PEIN","BRRA 50%",2,163,1.29174351616544
"1231","PEIN","BRRA 50%",3,0,-0.509157927049917
"1241","PEIN","BRRA 50%",4,79,0.363671606778384
"1251","PEIN","BRRA 50%",5,85,0.429962457448888
"1261","PEIN","BRRA 50%",6,217,1.88836117219997
"1271","PEIN","BRRA 50%",7,255,2.3082032264465
"1281","PEIN","BRRA 50%",8,0,-0.509157927049917
"1291","PEIN","BRRA 50%",9,33,-0.144558248362146
"1301","PEIN","BRRA 50%",10,42,-0.0451219723563897
"1511","PEIN","ERSA 50%",1,38,-0.0893158728033923
"1521","PEIN","ERSA 50%",2,155,1.20335571527143
"1531","PEIN","ERSA 50%",3,128,0.905046887254166
"1541","PEIN","ERSA 50%",4,111,0.717222810354405
"1551","PEIN","ERSA 50%",5,167,1.33593741661244
"1561","PEIN","ERSA 50%",6,0,-0.509157927049917
"1571","PEIN","ERSA 50%",7,0,-0.509157927049917
"1581","PEIN","ERSA 50%",8,78,0.352623131666634
"1591","PEIN","ERSA 50%",9,59,0.142702104543371
"1601","PEIN","ERSA 50%",10,193,1.62319776951796
"1711","PEIN","IPAQ 50%",1,0,-0.509157927049917
"1721","PEIN","IPAQ 50%",2,37,-0.100364347915143
"1731","PEIN","IPAQ 50%",3,0,-0.509157927049917
"1741","PEIN","IPAQ 50%",4,0,-0.509157927049917
"1751","PEIN","IPAQ 50%",5,0,-0.509157927049917
"1761","PEIN","IPAQ 50%",6,0,-0.509157927049917
"1771","PEIN","IPAQ 50%",7,0,-0.509157927049917
"1781","PEIN","IPAQ 50%",8,0,-0.509157927049917
"1791","PEIN","IPAQ 50%",9,299,2.79433613136353
"1801","PEIN","IPAQ 50%",10,164,1.30279199127719
"1110","CAAN","PEIN 50%",1,0,-0.424942576873939
"1210","CAAN","PEIN 50%",2,0,-0.424942576873939
"1310","CAAN","PEIN 50%",3,0,-0.424942576873939
"1410","CAAN","PEIN 50%",4,0,-0.424942576873939
"1510","CAAN","PEIN 50%",5,0,-0.424942576873939
"1610","CAAN","PEIN 50%",6,0,-0.424942576873939
"1710","CAAN","PEIN 50%",7,0,-0.424942576873939
"1810","CAAN","PEIN 50%",8,0,-0.424942576873939
"191","CAAN","PEIN 50%",9,0,-0.424942576873939
"201","CAAN","PEIN 50%",10,0,-0.424942576873939
"311","CAAN","SOLY 50%",1,0,-0.424942576873939
"321","CAAN","SOLY 50%",2,44,0.107473180845415
"331","CAAN","SOLY 50%",3,55,0.240577120275253
"341","CAAN","SOLY 50%",4,101,0.797193594254578
"351","CAAN","SOLY 50%",5,69,0.409982134095048
"361","CAAN","SOLY 50%",6,57,0.264777836535224
"371","CAAN","SOLY 50%",7,0,-0.424942576873939
"381","CAAN","SOLY 50%",8,70,0.422082492225033
"391","CAAN","SOLY 50%",9,21,-0.170835056144247
"401","CAAN","SOLY 50%",10,12,-0.279738279314115
"412","CAAN","BROL 50%",1,0,-0.424942576873939
"422","CAAN","BROL 50%",2,53,0.216376404015283
"432","CAAN","BROL 50%",3,28,-0.08613254923435
"442","CAAN","BROL 50%",4,39,0.0469713901954885
"452","CAAN","BROL 50%",5,7,-0.340240069964042
"462","CAAN","BROL 50%",6,26,-0.110333265494321
"472","CAAN","BROL 50%",7,15,-0.243437204924159
"482","CAAN","BROL 50%",8,121,1.03920075685428
"492","CAAN","BROL 50%",9,49,0.167974971495342
"502","CAAN","BROL 50%",10,0,-0.424942576873939
"612","CAAN","SOME 50%",1,33,-0.0256307585844234
"622","CAAN","SOME 50%",2,0,-0.424942576873939
"632","CAAN","SOME 50%",3,15,-0.243437204924159
"642","CAAN","SOME 50%",4,0,-0.424942576873939
"652","CAAN","SOME 50%",5,17,-0.219236488664188
"662","CAAN","SOME 50%",6,42,0.0832724645854444
"672","CAAN","SOME 50%",7,0,-0.424942576873939
"682","CAAN","SOME 50%",8,0,-0.424942576873939
"692","CAAN","SOME 50%",9,0,-0.424942576873939
"702","CAAN","SOME 50%",10,0,-0.424942576873939
"812","CAAN","BRRA 50%",1,0,-0.424942576873939
"822","CAAN","BRRA 50%",2,58,0.276878194665209
"832","CAAN","BRRA 50%",3,93,0.700390729214695
"842","CAAN","BRRA 50%",4,13,-0.26763792118413
"852","CAAN","BRRA 50%",5,0,-0.424942576873939
"862","CAAN","BRRA 50%",6,0,-0.424942576873939
"872","CAAN","BRRA 50%",7,19,-0.195035772404218
"882","CAAN","BRRA 50%",8,25,-0.122433623624306
"892","CAAN","BRRA 50%",9,27,-0.0982329073643353
"902","CAAN","BRRA 50%",10,0,-0.424942576873939
"1012","CAAN","SIAL 50%",1,289,3.07206092269182
"1022","CAAN","SIAL 50%",2,0,-0.424942576873939
"1032","CAAN","SIAL 50%",3,0,-0.424942576873939
"1042","CAAN","SIAL 50%",4,0,-0.424942576873939
"1052","CAAN","SIAL 50%",5,0,-0.424942576873939
"1062","CAAN","SIAL 50%",6,0,-0.424942576873939
"1072","CAAN","SIAL 50%",7,0,-0.424942576873939
"1082","CAAN","SIAL 50%",8,0,-0.424942576873939
"1092","CAAN","SIAL 50%",9,0,-0.424942576873939
"1102","CAAN","SIAL 50%",10,48,0.155874613365356
"1212","CAAN","IPAQ 50%",1,30,-0.0619318329743794
"1222","CAAN","IPAQ 50%",2,24,-0.134533981754291
"1232","CAAN","IPAQ 50%",3,9,-0.316039353704071
"1242","CAAN","IPAQ 50%",4,86,0.615688222304798
"1252","CAAN","IPAQ 50%",5,85,0.603587864174813
"1262","CAAN","IPAQ 50%",6,9,-0.316039353704071
"1272","CAAN","IPAQ 50%",7,94,0.712491087344681
"1282","CAAN","IPAQ 50%",8,10,-0.303938995574086
"1292","CAAN","IPAQ 50%",9,4,-0.376541144353998
"1302","CAAN","IPAQ 50%",10,33,-0.0256307585844234
"1411","CAAN","IPPU 50%",1,0,-0.424942576873939
"142","CAAN","IPPU 50%",2,0,-0.424942576873939
"143","CAAN","IPPU 50%",3,18,-0.207136130534203
"144","CAAN","IPPU 50%",4,0,-0.424942576873939
"145","CAAN","IPPU 50%",5,0,-0.424942576873939
"146","CAAN","IPPU 50%",6,0,-0.424942576873939
"147","CAAN","IPPU 50%",7,3,-0.388641502483983
"148","CAAN","IPPU 50%",8,0,-0.424942576873939
"149","CAAN","IPPU 50%",9,0,-0.424942576873939
"150","CAAN","IPPU 50%",10,4,-0.376541144353998
"1611","CAAN","ERSA 50%",1,167,1.59581723083361
"1621","CAAN","ERSA 50%",2,29,-0.0740321911043647
"1631","CAAN","ERSA 50%",3,132,1.17230469628412
"1641","CAAN","ERSA 50%",4,201,2.00722940725311
"1651","CAAN","ERSA 50%",5,239,2.46704301619255
"1661","CAAN","ERSA 50%",6,118,1.00289968246433
"1671","CAAN","ERSA 50%",7,0,-0.424942576873939
"1681","CAAN","ERSA 50%",8,14,-0.255537563054144
"1691","CAAN","ERSA 50%",9,153,1.42641221701381
"1701","CAAN","ERSA 50%",10,17,-0.219236488664188
"192","ERSA","PEIN 50%",1,11,1.49676394356547
"212","ERSA","PEIN 50%",2,11,1.49676394356547
"312","ERSA","PEIN 50%",3,10,1.31290684273666
"413","ERSA","PEIN 50%",4,9,1.12904974190784
"511","ERSA","PEIN 50%",5,12,1.68062104439428
"613","ERSA","PEIN 50%",6,0,-0.525664165551468
"711","ERSA","PEIN 50%",7,0,-0.525664165551468
"813","ERSA","PEIN 50%",8,2,-0.157949963893843
"911","ERSA","PEIN 50%",9,7,0.761335540250219
"1013","ERSA","PEIN 50%",10,0,-0.525664165551468
"213","ERSA","SOME 50%",1,0,-0.525664165551468
"222","ERSA","SOME 50%",2,12,1.68062104439428
"232","ERSA","SOME 50%",3,11,1.49676394356547
"242","ERSA","SOME 50%",4,15,2.23219234688072
"252","ERSA","SOME 50%",5,10,1.31290684273666
"262","ERSA","SOME 50%",6,15,2.23219234688072
"272","ERSA","SOME 50%",7,0,-0.525664165551468
"282","ERSA","SOME 50%",8,17,2.59990654853834
"292","ERSA","SOME 50%",9,17,2.59990654853834
"302","ERSA","SOME 50%",10,0,-0.525664165551468
"414","ERSA","BROL 50%",1,0,-0.525664165551468
"423","ERSA","BROL 50%",2,0,-0.525664165551468
"433","ERSA","BROL 50%",3,0,-0.525664165551468
"443","ERSA","BROL 50%",4,0,-0.525664165551468
"453","ERSA","BROL 50%",5,0,-0.525664165551468
"463","ERSA","BROL 50%",6,0,-0.525664165551468
"473","ERSA","BROL 50%",7,0,-0.525664165551468
"483","ERSA","BROL 50%",8,0,-0.525664165551468
"493","ERSA","BROL 50%",9,0,-0.525664165551468
"503","ERSA","BROL 50%",10,0,-0.525664165551468
"614","ERSA","IPPU 50%",1,0,-0.525664165551468
"623","ERSA","IPPU 50%",2,11,1.49676394356547
"633","ERSA","IPPU 50%",3,14,2.04833524605191
"643","ERSA","IPPU 50%",4,2,-0.157949963893843
"653","ERSA","IPPU 50%",5,0,-0.525664165551468
"663","ERSA","IPPU 50%",6,0,-0.525664165551468
"673","ERSA","IPPU 50%",7,2,-0.157949963893843
"683","ERSA","IPPU 50%",8,3,0.0259071369349691
"693","ERSA","IPPU 50%",9,0,-0.525664165551468
"703","ERSA","IPPU 50%",10,13,1.86447814522309
"814","ERSA","SIAL 50%",1,13,1.86447814522309
"823","ERSA","SIAL 50%",2,10,1.31290684273666
"833","ERSA","SIAL 50%",3,0,-0.525664165551468
"843","ERSA","SIAL 50%",4,1,-0.341807064722656
"853","ERSA","SIAL 50%",5,12,1.68062104439428
"863","ERSA","SIAL 50%",6,7,0.761335540250219
"873","ERSA","SIAL 50%",7,2,-0.157949963893843
"883","ERSA","SIAL 50%",8,12,1.68062104439428
"893","ERSA","SIAL 50%",9,0,-0.525664165551468
"903","ERSA","SIAL 50%",10,12,1.68062104439428
"1014","ERSA","SOLY 50%",1,10,1.31290684273666
"1023","ERSA","SOLY 50%",2,1,-0.341807064722656
"1033","ERSA","SOLY 50%",3,17,2.59990654853834
"1043","ERSA","SOLY 50%",4,8,0.945192641079031
"1053","ERSA","SOLY 50%",5,0,-0.525664165551468
"1063","ERSA","SOLY 50%",6,0,-0.525664165551468
"1073","ERSA","SOLY 50%",7,0,-0.525664165551468
"1083","ERSA","SOLY 50%",8,0,-0.525664165551468
"1093","ERSA","SOLY 50%",9,0,-0.525664165551468
"1103","ERSA","SOLY 50%",10,0,-0.525664165551468
"1213","ERSA","CAAN 50%",1,0,-0.525664165551468
"1223","ERSA","CAAN 50%",2,0,-0.525664165551468
"1233","ERSA","CAAN 50%",3,4,0.209764237763782
"1243","ERSA","CAAN 50%",4,10,1.31290684273666
"1253","ERSA","CAAN 50%",5,8,0.945192641079031
"1263","ERSA","CAAN 50%",6,6,0.577478439421407
"1273","ERSA","CAAN 50%",7,11,1.49676394356547
"1283","ERSA","CAAN 50%",8,0,-0.525664165551468
"1293","ERSA","CAAN 50%",9,0,-0.525664165551468
"1303","ERSA","CAAN 50%",10,0,-0.525664165551468
"1412","ERSA","BRRA 50%",1,15,2.23219234688072
"1421","ERSA","BRRA 50%",2,15,2.23219234688072
"1431","ERSA","BRRA 50%",3,17,2.59990654853834
"1441","ERSA","BRRA 50%",4,7,0.761335540250219
"1451","ERSA","BRRA 50%",5,6,0.577478439421407
"1461","ERSA","BRRA 50%",6,13,1.86447814522309
"1471","ERSA","BRRA 50%",7,2,-0.157949963893843
"1481","ERSA","BRRA 50%",8,20,3.15147785102478
"1491","ERSA","BRRA 50%",9,1,-0.341807064722656
"1501","ERSA","BRRA 50%",10,0,-0.525664165551468
"1612","ERSA","IPAQ 50%",1,10,1.31290684273666
"1622","ERSA","IPAQ 50%",2,7,0.761335540250219
"1632","ERSA","IPAQ 50%",3,15,2.23219234688072
"1642","ERSA","IPAQ 50%",4,16,2.41604944770953
"1652","ERSA","IPAQ 50%",5,17,2.59990654853834
"1662","ERSA","IPAQ 50%",6,15,2.23219234688072
"1672","ERSA","IPAQ 50%",7,22,3.51919205268241
"1682","ERSA","IPAQ 50%",8,23,3.70304915351122
"1692","ERSA","IPAQ 50%",9,0,-0.525664165551468
"1702","ERSA","IPAQ 50%",10,0,-0.525664165551468
"193","BRRA","PEIN 50%",1,0,-0.341293346546095
"214","BRRA","PEIN 50%",2,0,-0.341293346546095
"313","BRRA","PEIN 50%",3,0,-0.341293346546095
"415","BRRA","PEIN 50%",4,0,-0.341293346546095
"512","BRRA","PEIN 50%",5,0,-0.341293346546095
"615","BRRA","PEIN 50%",6,0,-0.341293346546095
"712","BRRA","PEIN 50%",7,0,-0.341293346546095
"815","BRRA","PEIN 50%",8,0,-0.341293346546095
"912","BRRA","PEIN 50%",9,0,-0.341293346546095
"1015","BRRA","PEIN 50%",10,0,-0.341293346546095
"215","BRRA","SOME 50%",1,0,-0.341293346546095
"223","BRRA","SOME 50%",2,0,-0.341293346546095
"233","BRRA","SOME 50%",3,0,-0.341293346546095
"243","BRRA","SOME 50%",4,0,-0.341293346546095
"253","BRRA","SOME 50%",5,0,-0.341293346546095
"263","BRRA","SOME 50%",6,0,-0.341293346546095
"273","BRRA","SOME 50%",7,0,-0.341293346546095
"283","BRRA","SOME 50%",8,0,-0.341293346546095
"293","BRRA","SOME 50%",9,0,-0.341293346546095
"303","BRRA","SOME 50%",10,0,-0.341293346546095
"416","BRRA","BROL 50%",1,11,2.24263436665628
"424","BRRA","BROL 50%",2,13,2.71243940542035
"434","BRRA","BROL 50%",3,10,2.00773184727425
"444","BRRA","BROL 50%",4,21,4.59165956047662
"454","BRRA","BROL 50%",5,0,-0.341293346546095
"464","BRRA","BROL 50%",6,3,0.363414211600008
"474","BRRA","BROL 50%",7,7,1.30302428912814
"484","BRRA","BROL 50%",8,12,2.47753688603832
"494","BRRA","BROL 50%",9,4,0.598316730982042
"504","BRRA","BROL 50%",10,0,-0.341293346546095
"616","BRRA","IPPU 50%",1,0,-0.341293346546095
"624","BRRA","IPPU 50%",2,0,-0.341293346546095
"634","BRRA","IPPU 50%",3,0,-0.341293346546095
"644","BRRA","IPPU 50%",4,0,-0.341293346546095
"654","BRRA","IPPU 50%",5,0,-0.341293346546095
"664","BRRA","IPPU 50%",6,0,-0.341293346546095
"674","BRRA","IPPU 50%",7,0,-0.341293346546095
"684","BRRA","IPPU 50%",8,2,0.128511692217974
"694","BRRA","IPPU 50%",9,0,-0.341293346546095
"704","BRRA","IPPU 50%",10,0,-0.341293346546095
"816","BRRA","SIAL 50%",1,0,-0.341293346546095
"824","BRRA","SIAL 50%",2,0,-0.341293346546095
"834","BRRA","SIAL 50%",3,0,-0.341293346546095
"844","BRRA","SIAL 50%",4,0,-0.341293346546095
"854","BRRA","SIAL 50%",5,0,-0.341293346546095
"864","BRRA","SIAL 50%",6,0,-0.341293346546095
"874","BRRA","SIAL 50%",7,0,-0.341293346546095
"884","BRRA","SIAL 50%",8,0,-0.341293346546095
"894","BRRA","SIAL 50%",9,0,-0.341293346546095
"904","BRRA","SIAL 50%",10,0,-0.341293346546095
"1016","BRRA","SOLY 50%",1,15,3.18224444418442
"1024","BRRA","SOLY 50%",2,0,-0.341293346546095
"1034","BRRA","SOLY 50%",3,0,-0.341293346546095
"1044","BRRA","SOLY 50%",4,0,-0.341293346546095
"1054","BRRA","SOLY 50%",5,1,-0.10639082716406
"1064","BRRA","SOLY 50%",6,0,-0.341293346546095
"1074","BRRA","SOLY 50%",7,3,0.363414211600008
"1084","BRRA","SOLY 50%",8,0,-0.341293346546095
"1094","BRRA","SOLY 50%",9,0,-0.341293346546095
"1104","BRRA","SOLY 50%",10,0,-0.341293346546095
"1214","BRRA","CAAN 50%",1,21,4.59165956047662
"1224","BRRA","CAAN 50%",2,5,0.833219250364077
"1234","BRRA","CAAN 50%",3,0,-0.341293346546095
"1244","BRRA","CAAN 50%",4,4,0.598316730982042
"1254","BRRA","CAAN 50%",5,4,0.598316730982042
"1264","BRRA","CAAN 50%",6,3,0.363414211600008
"1274","BRRA","CAAN 50%",7,0,-0.341293346546095
"1284","BRRA","CAAN 50%",8,0,-0.341293346546095
"1294","BRRA","CAAN 50%",9,0,-0.341293346546095
"1304","BRRA","CAAN 50%",10,0,-0.341293346546095
"1413","BRRA","ERSA 50%",1,0,-0.341293346546095
"1422","BRRA","ERSA 50%",2,0,-0.341293346546095
"1432","BRRA","ERSA 50%",3,0,-0.341293346546095
"1442","BRRA","ERSA 50%",4,0,-0.341293346546095
"1452","BRRA","ERSA 50%",5,0,-0.341293346546095
"1462","BRRA","ERSA 50%",6,0,-0.341293346546095
"1472","BRRA","ERSA 50%",7,0,-0.341293346546095
"1482","BRRA","ERSA 50%",8,0,-0.341293346546095
"1492","BRRA","ERSA 50%",9,0,-0.341293346546095
"1502","BRRA","ERSA 50%",10,0,-0.341293346546095
"1613","BRRA","IPAQ 50%",1,0,-0.341293346546095
"1623","BRRA","IPAQ 50%",2,12,2.47753688603832
"1633","BRRA","IPAQ 50%",3,0,-0.341293346546095
"1643","BRRA","IPAQ 50%",4,0,-0.341293346546095
"1653","BRRA","IPAQ 50%",5,0,-0.341293346546095
"1663","BRRA","IPAQ 50%",6,0,-0.341293346546095
"1673","BRRA","IPAQ 50%",7,0,-0.341293346546095
"1683","BRRA","IPAQ 50%",8,0,-0.341293346546095
"1693","BRRA","IPAQ 50%",9,6,1.06812176974611
"1703","BRRA","IPAQ 50%",10,0,-0.341293346546095
"194","SIAL","SOLY 50%",1,7,2.65100304100525
"216","SIAL","SOLY 50%",2,0,-0.561069880433055
"314","SIAL","SOLY 50%",3,1,-0.102202320227583
"417","SIAL","SOLY 50%",4,5,1.73326792059431
"513","SIAL","SOLY 50%",5,5,1.73326792059431
"617","SIAL","SOLY 50%",6,3,0.815532800183363
"713","SIAL","SOLY 50%",7,4,1.27440036038884
"817","SIAL","SOLY 50%",8,4,1.27440036038884
"913","SIAL","SOLY 50%",9,4,1.27440036038884
"1017","SIAL","SOLY 50%",10,4,1.27440036038884
"217","SIAL","PEIN 50%",1,6,2.19213548079978
"224","SIAL","PEIN 50%",2,4,1.27440036038884
"234","SIAL","PEIN 50%",3,4,1.27440036038884
"244","SIAL","PEIN 50%",4,5,1.73326792059431
"254","SIAL","PEIN 50%",5,5,1.73326792059431
"264","SIAL","PEIN 50%",6,4,1.27440036038884
"274","SIAL","PEIN 50%",7,0,-0.561069880433055
"284","SIAL","PEIN 50%",8,0,-0.561069880433055
"294","SIAL","PEIN 50%",9,4,1.27440036038884
"304","SIAL","PEIN 50%",10,5,1.73326792059431
"418","SIAL","CAAN 50%",1,7,2.65100304100525
"425","SIAL","CAAN 50%",2,6,2.19213548079978
"435","SIAL","CAAN 50%",3,2,0.35666523997789
"445","SIAL","CAAN 50%",4,4,1.27440036038884
"455","SIAL","CAAN 50%",5,5,1.73326792059431
"465","SIAL","CAAN 50%",6,0,-0.561069880433055
"475","SIAL","CAAN 50%",7,6,2.19213548079978
"485","SIAL","CAAN 50%",8,5,1.73326792059431
"495","SIAL","CAAN 50%",9,4,1.27440036038884
"505","SIAL","CAAN 50%",10,5,1.73326792059431
"618","SIAL","IPPU 50%",1,0,-0.561069880433055
"625","SIAL","IPPU 50%",2,0,-0.561069880433055
"635","SIAL","IPPU 50%",3,0,-0.561069880433055
"645","SIAL","IPPU 50%",4,0,-0.561069880433055
"655","SIAL","IPPU 50%",5,5,1.73326792059431
"665","SIAL","IPPU 50%",6,0,-0.561069880433055
"675","SIAL","IPPU 50%",7,0,-0.561069880433055
"685","SIAL","IPPU 50%",8,0,-0.561069880433055
"695","SIAL","IPPU 50%",9,0,-0.561069880433055
"705","SIAL","IPPU 50%",10,0,-0.561069880433055
"818","SIAL","SOME 50%",1,0,-0.561069880433055
"825","SIAL","SOME 50%",2,7,2.65100304100525
"835","SIAL","SOME 50%",3,0,-0.561069880433055
"845","SIAL","SOME 50%",4,0,-0.561069880433055
"855","SIAL","SOME 50%",5,7,2.65100304100525
"865","SIAL","SOME 50%",6,5,1.73326792059431
"875","SIAL","SOME 50%",7,4,1.27440036038884
"885","SIAL","SOME 50%",8,5,1.73326792059431
"895","SIAL","SOME 50%",9,4,1.27440036038884
"905","SIAL","SOME 50%",10,0,-0.561069880433055
"1018","SIAL","BROL 50%",1,0,-0.561069880433055
"1025","SIAL","BROL 50%",2,2,0.35666523997789
"1035","SIAL","BROL 50%",3,0,-0.561069880433055
"1045","SIAL","BROL 50%",4,0,-0.561069880433055
"1055","SIAL","BROL 50%",5,0,-0.561069880433055
"1065","SIAL","BROL 50%",6,0,-0.561069880433055
"1075","SIAL","BROL 50%",7,0,-0.561069880433055
"1085","SIAL","BROL 50%",8,0,-0.561069880433055
"1095","SIAL","BROL 50%",9,2,0.35666523997789
"1105","SIAL","BROL 50%",10,6,2.19213548079978
"1215","SIAL","BRRA 50%",1,0,-0.561069880433055
"1225","SIAL","BRRA 50%",2,0,-0.561069880433055
"1235","SIAL","BRRA 50%",3,0,-0.561069880433055
"1245","SIAL","BRRA 50%",4,0,-0.561069880433055
"1255","SIAL","BRRA 50%",5,0,-0.561069880433055
"1265","SIAL","BRRA 50%",6,0,-0.561069880433055
"1275","SIAL","BRRA 50%",7,0,-0.561069880433055
"1285","SIAL","BRRA 50%",8,0,-0.561069880433055
"1295","SIAL","BRRA 50%",9,0,-0.561069880433055
"1305","SIAL","BRRA 50%",10,0,-0.561069880433055
"1512","SIAL","ERSA 50%",1,0,-0.561069880433055
"1522","SIAL","ERSA 50%",2,0,-0.561069880433055
"1532","SIAL","ERSA 50%",3,0,-0.561069880433055
"1542","SIAL","ERSA 50%",4,0,-0.561069880433055
"1552","SIAL","ERSA 50%",5,0,-0.561069880433055
"1562","SIAL","ERSA 50%",6,0,-0.561069880433055
"1572","SIAL","ERSA 50%",7,6,2.19213548079978
"1582","SIAL","ERSA 50%",8,4,1.27440036038884
"1592","SIAL","ERSA 50%",9,0,-0.561069880433055
"1602","SIAL","ERSA 50%",10,0,-0.561069880433055
"195","BROL","SOLY 50%",1,0,-0.3194098122678
"218","BROL","SOLY 50%",2,2,0.271668843886136
"315","BROL","SOLY 50%",3,0,-0.3194098122678
"419","BROL","SOLY 50%",4,0,-0.3194098122678
"514","BROL","SOLY 50%",5,4,0.862747500040072
"619","BROL","SOLY 50%",6,0,-0.3194098122678
"714","BROL","SOLY 50%",7,1,-0.023870484190832
"819","BROL","SOLY 50%",8,0,-0.3194098122678
"914","BROL","SOLY 50%",9,2,0.271668843886136
"1019","BROL","SOLY 50%",10,1,-0.023870484190832
"219","BROL","CAAN 50%",1,7,1.74936548427098
"225","BROL","CAAN 50%",2,12,3.22706212465582
"235","BROL","CAAN 50%",3,8,2.04490481234794
"245","BROL","CAAN 50%",4,6,1.45382615619401
"255","BROL","CAAN 50%",5,1,-0.023870484190832
"265","BROL","CAAN 50%",6,0,-0.3194098122678
"275","BROL","CAAN 50%",7,0,-0.3194098122678
"285","BROL","CAAN 50%",8,0,-0.3194098122678
"295","BROL","CAAN 50%",9,0,-0.3194098122678
"305","BROL","CAAN 50%",10,5,1.15828682811704
"4110","BROL","IPPU 50%",1,0,-0.3194098122678
"426","BROL","IPPU 50%",2,0,-0.3194098122678
"436","BROL","IPPU 50%",3,0,-0.3194098122678
"446","BROL","IPPU 50%",4,0,-0.3194098122678
"456","BROL","IPPU 50%",5,0,-0.3194098122678
"466","BROL","IPPU 50%",6,0,-0.3194098122678
"476","BROL","IPPU 50%",7,0,-0.3194098122678
"486","BROL","IPPU 50%",8,0,-0.3194098122678
"496","BROL","IPPU 50%",9,0,-0.3194098122678
"506","BROL","IPPU 50%",10,0,-0.3194098122678
"6110","BROL","PEIN 50%",1,5,1.15828682811704
"626","BROL","PEIN 50%",2,5,1.15828682811704
"636","BROL","PEIN 50%",3,0,-0.3194098122678
"646","BROL","PEIN 50%",4,0,-0.3194098122678
"656","BROL","PEIN 50%",5,0,-0.3194098122678
"666","BROL","PEIN 50%",6,0,-0.3194098122678
"676","BROL","PEIN 50%",7,0,-0.3194098122678
"686","BROL","PEIN 50%",8,0,-0.3194098122678
"696","BROL","PEIN 50%",9,0,-0.3194098122678
"706","BROL","PEIN 50%",10,0,-0.3194098122678
"8110","BROL","SIAL 50%",1,0,-0.3194098122678
"826","BROL","SIAL 50%",2,0,-0.3194098122678
"836","BROL","SIAL 50%",3,1,-0.023870484190832
"846","BROL","SIAL 50%",4,0,-0.3194098122678
"856","BROL","SIAL 50%",5,2,0.271668843886136
"866","BROL","SIAL 50%",6,2,0.271668843886136
"876","BROL","SIAL 50%",7,1,-0.023870484190832
"886","BROL","SIAL 50%",8,1,-0.023870484190832
"896","BROL","SIAL 50%",9,0,-0.3194098122678
"906","BROL","SIAL 50%",10,0,-0.3194098122678
"10110","BROL","SOME 50%",1,3,0.567208171963104
"1026","BROL","SOME 50%",2,0,-0.3194098122678
"1036","BROL","SOME 50%",3,2,0.271668843886136
"1046","BROL","SOME 50%",4,0,-0.3194098122678
"1056","BROL","SOME 50%",5,1,-0.023870484190832
"1066","BROL","SOME 50%",6,0,-0.3194098122678
"1076","BROL","SOME 50%",7,0,-0.3194098122678
"1086","BROL","SOME 50%",8,0,-0.3194098122678
"1096","BROL","SOME 50%",9,1,-0.023870484190832
"1106","BROL","SOME 50%",10,0,-0.3194098122678
"1414","BROL","BRRA 50%",1,0,-0.3194098122678
"1423","BROL","BRRA 50%",2,0,-0.3194098122678
"1433","BROL","BRRA 50%",3,0,-0.3194098122678
"1443","BROL","BRRA 50%",4,0,-0.3194098122678
"1453","BROL","BRRA 50%",5,0,-0.3194098122678
"1463","BROL","BRRA 50%",6,13,3.52260145273279
"1473","BROL","BRRA 50%",7,1,-0.023870484190832
"1483","BROL","BRRA 50%",8,18,5.00029809311763
"1493","BROL","BRRA 50%",9,0,-0.3194098122678
"1503","BROL","BRRA 50%",10,0,-0.3194098122678
"1614","BROL","IPAQ 50%",1,0,-0.3194098122678
"1624","BROL","IPAQ 50%",2,0,-0.3194098122678
"1634","BROL","IPAQ 50%",3,0,-0.3194098122678
"1644","BROL","IPAQ 50%",4,0,-0.3194098122678
"1654","BROL","IPAQ 50%",5,0,-0.3194098122678
"1664","BROL","IPAQ 50%",6,0,-0.3194098122678
"1674","BROL","IPAQ 50%",7,0,-0.3194098122678
"1684","BROL","IPAQ 50%",8,0,-0.3194098122678
"1694","BROL","IPAQ 50%",9,0,-0.3194098122678
"1704","BROL","IPAQ 50%",10,0,-0.3194098122678
"1712","BROL","IPAQ 50%",1,0,-0.3194098122678
"1722","BROL","IPAQ 50%",2,0,-0.3194098122678
"1732","BROL","IPAQ 50%",3,0,-0.3194098122678
"1742","BROL","IPAQ 50%",4,0,-0.3194098122678
"1752","BROL","IPAQ 50%",5,4,0.862747500040072
"1762","BROL","IPAQ 50%",6,0,-0.3194098122678
"1772","BROL","IPAQ 50%",7,0,-0.3194098122678
"1782","BROL","IPAQ 50%",8,0,-0.3194098122678
"1792","BROL","IPAQ 50%",9,0,-0.3194098122678
"1802","BROL","IPAQ 50%",10,0,-0.3194098122678
"1811","BROL","ERSA 50%",1,0,-0.3194098122678
"1821","BROL","ERSA 50%",2,0,-0.3194098122678
"1831","BROL","ERSA 50%",3,0,-0.3194098122678
"1841","BROL","ERSA 50%",4,1,-0.023870484190832
"1851","BROL","ERSA 50%",5,0,-0.3194098122678
"1861","BROL","ERSA 50%",6,0,-0.3194098122678
"1871","BROL","ERSA 50%",7,0,-0.3194098122678
"1881","BROL","ERSA 50%",8,0,-0.3194098122678
"1891","BROL","ERSA 50%",9,0,-0.3194098122678
"1901","BROL","ERSA 50%",10,0,-0.3194098122678
"196","IPPU","SOLY 50%",1,0,-0.467816992441621
"220","IPPU","SOLY 50%",2,0,-0.467816992441621
"316","IPPU","SOLY 50%",3,0,-0.467816992441621
"420","IPPU","SOLY 50%",4,0,-0.467816992441621
"515","IPPU","SOLY 50%",5,0,-0.467816992441621
"620","IPPU","SOLY 50%",6,0,-0.467816992441621
"715","IPPU","SOLY 50%",7,0,-0.467816992441621
"820","IPPU","SOLY 50%",8,0,-0.467816992441621
"915","IPPU","SOLY 50%",9,0,-0.467816992441621
"1020","IPPU","SOLY 50%",10,0,-0.467816992441621
"2110","IPPU","PEIN 50%",1,0,-0.467816992441621
"226","IPPU","PEIN 50%",2,0,-0.467816992441621
"236","IPPU","PEIN 50%",3,0,-0.467816992441621
"246","IPPU","PEIN 50%",4,0,-0.467816992441621
"256","IPPU","PEIN 50%",5,0,-0.467816992441621
"266","IPPU","PEIN 50%",6,5,2.29760365253348
"276","IPPU","PEIN 50%",7,6,2.8506877815285
"286","IPPU","PEIN 50%",8,0,-0.467816992441621
"296","IPPU","PEIN 50%",9,1,0.085267136553399
"306","IPPU","PEIN 50%",10,0,-0.467816992441621
"4111","IPPU","CAAN 50%",1,0,-0.467816992441621
"427","IPPU","CAAN 50%",2,0,-0.467816992441621
"437","IPPU","CAAN 50%",3,0,-0.467816992441621
"447","IPPU","CAAN 50%",4,0,-0.467816992441621
"457","IPPU","CAAN 50%",5,0,-0.467816992441621
"467","IPPU","CAAN 50%",6,0,-0.467816992441621
"477","IPPU","CAAN 50%",7,0,-0.467816992441621
"487","IPPU","CAAN 50%",8,0,-0.467816992441621
"497","IPPU","CAAN 50%",9,0,-0.467816992441621
"507","IPPU","CAAN 50%",10,0,-0.467816992441621
"6111","IPPU","SOME 50%",1,3,1.19143539454344
"627","IPPU","SOME 50%",2,0,-0.467816992441621
"637","IPPU","SOME 50%",3,0,-0.467816992441621
"647","IPPU","SOME 50%",4,6,2.8506877815285
"657","IPPU","SOME 50%",5,0,-0.467816992441621
"667","IPPU","SOME 50%",6,0,-0.467816992441621
"677","IPPU","SOME 50%",7,5,2.29760365253348
"687","IPPU","SOME 50%",8,0,-0.467816992441621
"697","IPPU","SOME 50%",9,1,0.085267136553399
"707","IPPU","SOME 50%",10,0,-0.467816992441621
"8111","IPPU","SIAL 50%",1,0,-0.467816992441621
"827","IPPU","SIAL 50%",2,0,-0.467816992441621
"837","IPPU","SIAL 50%",3,0,-0.467816992441621
"847","IPPU","SIAL 50%",4,2,0.638351265548419
"857","IPPU","SIAL 50%",5,2,0.638351265548419
"867","IPPU","SIAL 50%",6,4,1.74451952353846
"877","IPPU","SIAL 50%",7,2,0.638351265548419
"887","IPPU","SIAL 50%",8,0,-0.467816992441621
"897","IPPU","SIAL 50%",9,0,-0.467816992441621
"907","IPPU","SIAL 50%",10,0,-0.467816992441621
"10111","IPPU","BROL 50%",1,6,2.8506877815285
"1027","IPPU","BROL 50%",2,4,1.74451952353846
"1037","IPPU","BROL 50%",3,3,1.19143539454344
"1047","IPPU","BROL 50%",4,4,1.74451952353846
"1057","IPPU","BROL 50%",5,0,-0.467816992441621
"1067","IPPU","BROL 50%",6,0,-0.467816992441621
"1077","IPPU","BROL 50%",7,5,2.29760365253348
"1087","IPPU","BROL 50%",8,0,-0.467816992441621
"1097","IPPU","BROL 50%",9,6,2.8506877815285
"1107","IPPU","BROL 50%",10,4,1.74451952353846
"1216","IPPU","BRRA 50%",1,0,-0.467816992441621
"1226","IPPU","BRRA 50%",2,2,0.638351265548419
"1236","IPPU","BRRA 50%",3,1,0.085267136553399
"1246","IPPU","BRRA 50%",4,1,0.085267136553399
"1256","IPPU","BRRA 50%",5,0,-0.467816992441621
"1266","IPPU","BRRA 50%",6,0,-0.467816992441621
"1276","IPPU","BRRA 50%",7,4,1.74451952353846
"1286","IPPU","BRRA 50%",8,0,-0.467816992441621
"1296","IPPU","BRRA 50%",9,0,-0.467816992441621
"1306","IPPU","BRRA 50%",10,0,-0.467816992441621
"1415","IPPU","ERSA 50%",1,1,0.085267136553399
"1424","IPPU","ERSA 50%",2,0,-0.467816992441621
"1434","IPPU","ERSA 50%",3,0,-0.467816992441621
"1444","IPPU","ERSA 50%",4,0,-0.467816992441621
"1454","IPPU","ERSA 50%",5,0,-0.467816992441621
"1464","IPPU","ERSA 50%",6,0,-0.467816992441621
"1474","IPPU","ERSA 50%",7,0,-0.467816992441621
"1484","IPPU","ERSA 50%",8,0,-0.467816992441621
"1494","IPPU","ERSA 50%",9,0,-0.467816992441621
"1504","IPPU","ERSA 50%",10,0,-0.467816992441621
"1615","IPPU","IPAQ 50%",1,0,-0.467816992441621
"1625","IPPU","IPAQ 50%",2,0,-0.467816992441621
"1635","IPPU","IPAQ 50%",3,6,2.8506877815285
"1645","IPPU","IPAQ 50%",4,4,1.74451952353846
"1655","IPPU","IPAQ 50%",5,0,-0.467816992441621
"1665","IPPU","IPAQ 50%",6,3,1.19143539454344
"1675","IPPU","IPAQ 50%",7,5,2.29760365253348
"1685","IPPU","IPAQ 50%",8,5,2.29760365253348
"1695","IPPU","IPAQ 50%",9,5,2.29760365253348
"1705","IPPU","IPAQ 50%",10,6,2.8506877815285
"197","IPAQ","SOLY 50%",1,0,-0.264464499643915
"227","IPAQ","SOLY 50%",2,2,2.75798692485797
"317","IPAQ","SOLY 50%",3,0,-0.264464499643915
"428","IPAQ","SOLY 50%",4,0,-0.264464499643915
"516","IPAQ","SOLY 50%",5,0,-0.264464499643915
"628","IPAQ","SOLY 50%",6,0,-0.264464499643915
"716","IPAQ","SOLY 50%",7,0,-0.264464499643915
"828","IPAQ","SOLY 50%",8,0,-0.264464499643915
"916","IPAQ","SOLY 50%",9,0,-0.264464499643915
"1028","IPAQ","SOLY 50%",10,0,-0.264464499643915
"2111","IPAQ","PEIN 50%",1,0,-0.264464499643915
"228","IPAQ","PEIN 50%",2,3,4.26921263710891
"237","IPAQ","PEIN 50%",3,0,-0.264464499643915
"247","IPAQ","PEIN 50%",4,0,-0.264464499643915
"257","IPAQ","PEIN 50%",5,0,-0.264464499643915
"267","IPAQ","PEIN 50%",6,0,-0.264464499643915
"277","IPAQ","PEIN 50%",7,1,1.24676121260703
"287","IPAQ","PEIN 50%",8,0,-0.264464499643915
"297","IPAQ","PEIN 50%",9,0,-0.264464499643915
"307","IPAQ","PEIN 50%",10,0,-0.264464499643915
"4112","IPAQ","CAAN 50%",1,0,-0.264464499643915
"429","IPAQ","CAAN 50%",2,0,-0.264464499643915
"438","IPAQ","CAAN 50%",3,0,-0.264464499643915
"448","IPAQ","CAAN 50%",4,0,-0.264464499643915
"458","IPAQ","CAAN 50%",5,0,-0.264464499643915
"468","IPAQ","CAAN 50%",6,0,-0.264464499643915
"478","IPAQ","CAAN 50%",7,0,-0.264464499643915
"488","IPAQ","CAAN 50%",8,0,-0.264464499643915
"498","IPAQ","CAAN 50%",9,0,-0.264464499643915
"508","IPAQ","CAAN 50%",10,0,-0.264464499643915
"6112","IPAQ","SOME 50%",1,0,-0.264464499643915
"629","IPAQ","SOME 50%",2,0,-0.264464499643915
"638","IPAQ","SOME 50%",3,0,-0.264464499643915
"648","IPAQ","SOME 50%",4,0,-0.264464499643915
"658","IPAQ","SOME 50%",5,0,-0.264464499643915
"668","IPAQ","SOME 50%",6,0,-0.264464499643915
"678","IPAQ","SOME 50%",7,0,-0.264464499643915
"688","IPAQ","SOME 50%",8,0,-0.264464499643915
"698","IPAQ","SOME 50%",9,0,-0.264464499643915
"708","IPAQ","SOME 50%",10,0,-0.264464499643915
"8112","IPAQ","SIAL 50%",1,0,-0.264464499643915
"829","IPAQ","SIAL 50%",2,0,-0.264464499643915
"838","IPAQ","SIAL 50%",3,0,-0.264464499643915
"848","IPAQ","SIAL 50%",4,0,-0.264464499643915
"858","IPAQ","SIAL 50%",5,0,-0.264464499643915
"868","IPAQ","SIAL 50%",6,0,-0.264464499643915
"878","IPAQ","SIAL 50%",7,0,-0.264464499643915
"888","IPAQ","SIAL 50%",8,0,-0.264464499643915
"898","IPAQ","SIAL 50%",9,0,-0.264464499643915
"908","IPAQ","SIAL 50%",10,0,-0.264464499643915
"10112","IPAQ","BROL 50%",1,0,-0.264464499643915
"1029","IPAQ","BROL 50%",2,0,-0.264464499643915
"1038","IPAQ","BROL 50%",3,0,-0.264464499643915
"1048","IPAQ","BROL 50%",4,0,-0.264464499643915
"1058","IPAQ","BROL 50%",5,0,-0.264464499643915
"1068","IPAQ","BROL 50%",6,0,-0.264464499643915
"1078","IPAQ","BROL 50%",7,0,-0.264464499643915
"1088","IPAQ","BROL 50%",8,0,-0.264464499643915
"1098","IPAQ","BROL 50%",9,0,-0.264464499643915
"1108","IPAQ","BROL 50%",10,0,-0.264464499643915
"1217","IPAQ","BRRA 50%",1,0,-0.264464499643915
"1227","IPAQ","BRRA 50%",2,0,-0.264464499643915
"1237","IPAQ","BRRA 50%",3,0,-0.264464499643915
"1247","IPAQ","BRRA 50%",4,0,-0.264464499643915
"1257","IPAQ","BRRA 50%",5,0,-0.264464499643915
"1267","IPAQ","BRRA 50%",6,0,-0.264464499643915
"1277","IPAQ","BRRA 50%",7,0,-0.264464499643915
"1287","IPAQ","BRRA 50%",8,0,-0.264464499643915
"1297","IPAQ","BRRA 50%",9,0,-0.264464499643915
"1307","IPAQ","BRRA 50%",10,0,-0.264464499643915
"1416","IPAQ","ERSA 50%",1,0,-0.264464499643915
"1425","IPAQ","ERSA 50%",2,0,-0.264464499643915
"1435","IPAQ","ERSA 50%",3,0,-0.264464499643915
"1445","IPAQ","ERSA 50%",4,0,-0.264464499643915
"1455","IPAQ","ERSA 50%",5,0,-0.264464499643915
"1465","IPAQ","ERSA 50%",6,0,-0.264464499643915
"1475","IPAQ","ERSA 50%",7,0,-0.264464499643915
"1485","IPAQ","ERSA 50%",8,0,-0.264464499643915
"1495","IPAQ","ERSA 50%",9,0,-0.264464499643915
"1505","IPAQ","ERSA 50%",10,0,-0.264464499643915
"1616","IPAQ","IPPU 50%",1,0,-0.264464499643915
"1626","IPAQ","IPPU 50%",2,0,-0.264464499643915
"1636","IPAQ","IPPU 50%",3,0,-0.264464499643915
"1646","IPAQ","IPPU 50%",4,0,-0.264464499643915
"1656","IPAQ","IPPU 50%",5,0,-0.264464499643915
"1666","IPAQ","IPPU 50%",6,0,-0.264464499643915
"1676","IPAQ","IPPU 50%",7,0,-0.264464499643915
"1686","IPAQ","IPPU 50%",8,0,-0.264464499643915
"1696","IPAQ","IPPU 50%",9,0,-0.264464499643915
"1706","IPAQ","IPPU 50%",10,0,-0.264464499643915
